what,kind,bundleId,bundleVersion,description,time
executed,command,,,"AUTOGEN:::org.eclipse.jdt.internal.ui.CompilationUnitEditor.ruler.actions/org.eclipse.jdt.internal.ui.javaeditor.JavaSelectRulerAction",1323918296594
deactivated,workbench,org.eclipse.ui.workbench,3.7.0.I20110519-0100,"",1323918302644
activated,workbench,org.eclipse.ui.workbench,3.7.0.I20110519-0100,"",1323918304872
activated,view,org.eclipse.jdt.ui,3.7.1.r371_v20110824-0800,"org.eclipse.jdt.ui.PackageExplorer",1323918308461
deactivated,workbench,org.eclipse.ui.workbench,3.7.0.I20110519-0100,"",1323918315955
activated,workbench,org.eclipse.ui.workbench,3.7.0.I20110519-0100,"",1323918341660
opened,editor,org.eclipse.jdt.ui,3.7.1.r371_v20110824-0800,"org.eclipse.jdt.ui.CompilationUnitEditor",1323918342023
activated,editor,org.eclipse.jdt.ui,3.7.1.r371_v20110824-0800,"org.eclipse.jdt.ui.CompilationUnitEditor",1323918342109
executed,command,org.eclipse.jdt.ui,3.7.1.r371_v20110824-0800,"org.eclipse.jdt.ui.edit.text.java.organize.imports",1323918350757
executed,command,,,"AUTOGEN:::org.eclipse.jdt.internal.ui.CompilationUnitEditor.ruler.actions/org.eclipse.jdt.internal.ui.javaeditor.JavaSelectRulerAction",1323918354812
executed,command,,,"AUTOGEN:::org.eclipse.jdt.internal.ui.CompilationUnitEditor.ruler.actions/org.eclipse.jdt.internal.ui.javaeditor.JavaSelectRulerAction",1323918359320
executed,command,,,"AUTOGEN:::org.eclipse.jdt.internal.ui.CompilationUnitEditor.ruler.actions/org.eclipse.jdt.internal.ui.javaeditor.JavaSelectRulerAction",1323918363442
activated,view,org.eclipse.jdt.ui,3.7.1.r371_v20110824-0800,"org.eclipse.jdt.ui.PackageExplorer",1323918366530
activated,editor,org.eclipse.jdt.ui,3.7.1.r371_v20110824-0800,"org.eclipse.jdt.ui.CompilationUnitEditor",1323918366762
activated,view,org.eclipse.jdt.ui,3.7.1.r371_v20110824-0800,"org.eclipse.jdt.ui.PackageExplorer",1323918368208
activated,editor,org.eclipse.jdt.ui,3.7.1.r371_v20110824-0800,"org.eclipse.jdt.ui.CompilationUnitEditor",1323918368403
executed,command,,,"AUTOGEN:::org.eclipse.jdt.internal.ui.CompilationUnitEditor.ruler.actions/org.eclipse.jdt.internal.ui.javaeditor.JavaSelectRulerAction",1323918371164
deactivated,workbench,org.eclipse.ui.workbench,3.7.0.I20110519-0100,"",1323918372408
activated,workbench,org.eclipse.ui.workbench,3.7.0.I20110519-0100,"",1323918378514
activated,view,org.eclipse.jdt.ui,3.7.1.r371_v20110824-0800,"org.eclipse.jdt.ui.PackageExplorer",1323918378541
activated,editor,org.eclipse.jdt.ui,3.7.1.r371_v20110824-0800,"org.eclipse.jdt.ui.CompilationUnitEditor",1323918387848
executed,command,org.eclipse.ui,3.7.0.I20110602-0100,"org.eclipse.ui.edit.text.contentAssist.proposals",1323918395495
executed,command,org.eclipse.ui,3.7.0.I20110602-0100,"org.eclipse.ui.edit.text.contentAssist.proposals",1323918408739
deactivated,workbench,org.eclipse.ui.workbench,3.7.0.I20110519-0100,"",1323918411985
activated,workbench,org.eclipse.ui.workbench,3.7.0.I20110519-0100,"",1323918412159
executed,command,org.eclipse.ui,3.7.0.I20110602-0100,"org.eclipse.ui.file.save",1323918422658
executed,command,org.eclipse.ui,3.7.0.I20110602-0100,"org.eclipse.ui.file.save",1323918427278
executed,command,,,"AUTOGEN:::org.eclipse.jdt.internal.ui.CompilationUnitEditor.ruler.actions/org.eclipse.jdt.internal.ui.javaeditor.JavaSelectRulerAction",1323918440889
activated,view,org.eclipse.jdt.ui,3.7.1.r371_v20110824-0800,"org.eclipse.jdt.ui.PackageExplorer",1323918442759
opened,editor,org.eclipse.jdt.ui,3.7.1.r371_v20110824-0800,"org.eclipse.jdt.ui.CompilationUnitEditor",1323918446810
activated,editor,org.eclipse.jdt.ui,3.7.1.r371_v20110824-0800,"org.eclipse.jdt.ui.CompilationUnitEditor",1323918446916
executed,command,org.eclipse.ui,3.7.0.I20110602-0100,"org.eclipse.ui.edit.copy",1323918452168
activated,view,org.eclipse.jdt.ui,3.7.1.r371_v20110824-0800,"org.eclipse.jdt.ui.PackageExplorer",1323918456737
activated,editor,org.eclipse.jdt.ui,3.7.1.r371_v20110824-0800,"org.eclipse.jdt.ui.CompilationUnitEditor",1323918456940
executed,command,org.eclipse.ui.workbench.texteditor,3.7.0.v20110505-0800,"org.eclipse.ui.edit.text.goto.lineEnd",1323918458839
executed,command,org.eclipse.ui,3.7.0.I20110602-0100,"org.eclipse.ui.edit.paste",1323918460039
executed,command,org.eclipse.ui,3.7.0.I20110602-0100,"org.eclipse.ui.edit.copy",1323918478909
executed,command,org.eclipse.ui,3.7.0.I20110602-0100,"org.eclipse.ui.edit.paste",1323918480421
executed,command,org.eclipse.jdt.ui,3.7.1.r371_v20110824-0800,"org.eclipse.jdt.ui.edit.text.java.organize.imports",1323918500916
executed,command,org.eclipse.ui,3.7.0.I20110602-0100,"org.eclipse.ui.file.save",1323918553468
deactivated,workbench,org.eclipse.ui.workbench,3.7.0.I20110519-0100,"",1323918554477
activated,workbench,org.eclipse.ui.workbench,3.7.0.I20110519-0100,"",1323918556849
deactivated,workbench,org.eclipse.ui.workbench,3.7.0.I20110519-0100,"",1323918557829
activated,workbench,org.eclipse.ui.workbench,3.7.0.I20110519-0100,"",1323918561751
deactivated,workbench,org.eclipse.ui.workbench,3.7.0.I20110519-0100,"",1323918561859
activated,workbench,org.eclipse.ui.workbench,3.7.0.I20110519-0100,"",1323918562016
deactivated,workbench,org.eclipse.ui.workbench,3.7.0.I20110519-0100,"",1323918562091
activated,workbench,org.eclipse.ui.workbench,3.7.0.I20110519-0100,"",1323918562147
deactivated,workbench,org.eclipse.ui.workbench,3.7.0.I20110519-0100,"",1323918562152
activated,workbench,org.eclipse.ui.workbench,3.7.0.I20110519-0100,"",1323918562837
deactivated,workbench,org.eclipse.ui.workbench,3.7.0.I20110519-0100,"",1323918562946
activated,workbench,org.eclipse.ui.workbench,3.7.0.I20110519-0100,"",1323918567086
deactivated,workbench,org.eclipse.ui.workbench,3.7.0.I20110519-0100,"",1323918584098
activated,workbench,org.eclipse.ui.workbench,3.7.0.I20110519-0100,"",1323918584797
executed,command,,,"AUTOGEN:::org.eclipse.jdt.internal.ui.CompilationUnitEditor.ruler.actions/org.eclipse.jdt.internal.ui.javaeditor.JavaSelectRulerAction",1323918619825
executed,command,org.eclipse.ui,3.7.0.I20110602-0100,"org.eclipse.ui.edit.undo",1323918642932
executed,command,org.eclipse.ui,3.7.0.I20110602-0100,"org.eclipse.ui.edit.undo",1323918643482
executed,command,org.eclipse.ui,3.7.0.I20110602-0100,"org.eclipse.ui.edit.undo",1323918643959
executed,command,org.eclipse.ui,3.7.0.I20110602-0100,"org.eclipse.ui.edit.undo",1323918650717
executed,command,org.eclipse.ui,3.7.0.I20110602-0100,"org.eclipse.ui.edit.undo",1323918651039
executed,command,org.eclipse.ui,3.7.0.I20110602-0100,"org.eclipse.ui.edit.undo",1323918651373
executed,command,org.eclipse.ui,3.7.0.I20110602-0100,"org.eclipse.ui.edit.undo",1323918651703
executed,command,org.eclipse.ui,3.7.0.I20110602-0100,"org.eclipse.ui.edit.undo",1323918652115
executed,command,org.eclipse.ui,3.7.0.I20110602-0100,"org.eclipse.ui.edit.undo",1323918652434
executed,command,org.eclipse.ui,3.7.0.I20110602-0100,"org.eclipse.ui.edit.undo",1323918652750
executed,command,org.eclipse.ui,3.7.0.I20110602-0100,"org.eclipse.ui.file.save",1323918687004
activated,view,org.eclipse.jdt.ui,3.7.1.r371_v20110824-0800,"org.eclipse.jdt.ui.PackageExplorer",1323918708919
opened,editor,org.eclipse.jdt.ui,3.7.1.r371_v20110824-0800,"org.eclipse.jdt.ui.CompilationUnitEditor",1323918722249
activated,editor,org.eclipse.jdt.ui,3.7.1.r371_v20110824-0800,"org.eclipse.jdt.ui.CompilationUnitEditor",1323918722318
activated,editor,org.eclipse.jdt.ui,3.7.1.r371_v20110824-0800,"org.eclipse.jdt.ui.CompilationUnitEditor",1323918727724
closed,editor,org.eclipse.jdt.ui,3.7.1.r371_v20110824-0800,"org.eclipse.jdt.ui.CompilationUnitEditor",1323918727724
executed,command,org.eclipse.ui,3.7.0.I20110602-0100,"org.eclipse.ui.file.save",1323918744156
activated,view,org.eclipse.jdt.ui,3.7.1.r371_v20110824-0800,"org.eclipse.jdt.ui.PackageExplorer",1323918768854
opened,editor,org.eclipse.jdt.ui,3.7.1.r371_v20110824-0800,"org.eclipse.jdt.ui.CompilationUnitEditor",1323918769051
activated,editor,org.eclipse.jdt.ui,3.7.1.r371_v20110824-0800,"org.eclipse.jdt.ui.CompilationUnitEditor",1323918769131
activated,editor,org.eclipse.jdt.ui,3.7.1.r371_v20110824-0800,"org.eclipse.jdt.ui.CompilationUnitEditor",1323918770948
closed,editor,org.eclipse.jdt.ui,3.7.1.r371_v20110824-0800,"org.eclipse.jdt.ui.CompilationUnitEditor",1323918770948
activated,view,org.eclipse.jdt.ui,3.7.1.r371_v20110824-0800,"org.eclipse.jdt.ui.PackageExplorer",1323918890957
opened,editor,org.eclipse.jdt.ui,3.7.1.r371_v20110824-0800,"org.eclipse.jdt.ui.CompilationUnitEditor",1323918893919
activated,editor,org.eclipse.jdt.ui,3.7.1.r371_v20110824-0800,"org.eclipse.jdt.ui.CompilationUnitEditor",1323918893991
activated,editor,org.eclipse.jdt.ui,3.7.1.r371_v20110824-0800,"org.eclipse.jdt.ui.CompilationUnitEditor",1323918901096
closed,editor,org.eclipse.jdt.ui,3.7.1.r371_v20110824-0800,"org.eclipse.jdt.ui.CompilationUnitEditor",1323918901096
executed,command,org.eclipse.ui,3.7.0.I20110602-0100,"org.eclipse.ui.file.save",1323918907512
activated,view,org.eclipse.jdt.ui,3.7.1.r371_v20110824-0800,"org.eclipse.jdt.ui.PackageExplorer",1323918942503
opened,editor,org.eclipse.jdt.ui,3.7.1.r371_v20110824-0800,"org.eclipse.jdt.ui.CompilationUnitEditor",1323918942772
activated,editor,org.eclipse.jdt.ui,3.7.1.r371_v20110824-0800,"org.eclipse.jdt.ui.CompilationUnitEditor",1323918942842
deactivated,workbench,org.eclipse.ui.workbench,3.7.0.I20110519-0100,"",1323918960951
activated,workbench,org.eclipse.ui.workbench,3.7.0.I20110519-0100,"",1323919063336
activated,editor,org.eclipse.jdt.ui,3.7.1.r371_v20110824-0800,"org.eclipse.jdt.ui.CompilationUnitEditor",1323919067412
activated,editor,org.eclipse.jdt.ui,3.7.1.r371_v20110824-0800,"org.eclipse.jdt.ui.CompilationUnitEditor",1323919075306
activated,editor,org.eclipse.jdt.ui,3.7.1.r371_v20110824-0800,"org.eclipse.jdt.ui.CompilationUnitEditor",1323919085892
activated,editor,org.eclipse.jdt.ui,3.7.1.r371_v20110824-0800,"org.eclipse.jdt.ui.CompilationUnitEditor",1323919090599
closed,editor,org.eclipse.jdt.ui,3.7.1.r371_v20110824-0800,"org.eclipse.jdt.ui.CompilationUnitEditor",1323919090599
activated,view,org.eclipse.jdt.ui,3.7.1.r371_v20110824-0800,"org.eclipse.jdt.ui.PackageExplorer",1323919106840
activated,editor,org.eclipse.jdt.ui,3.7.1.r371_v20110824-0800,"org.eclipse.jdt.ui.CompilationUnitEditor",1323919110765
executed,command,org.eclipse.ui,3.7.0.I20110602-0100,"org.eclipse.ui.edit.copy",1323919115670
executed,command,org.eclipse.ui,3.7.0.I20110602-0100,"org.eclipse.ui.edit.paste",1323919117082
executed,command,org.eclipse.ui,3.7.0.I20110602-0100,"org.eclipse.ui.file.save",1323919118099
executed,command,org.eclipse.ui,3.7.0.I20110602-0100,"org.eclipse.ui.file.save",1323919158002
deactivated,workbench,org.eclipse.ui.workbench,3.7.0.I20110519-0100,"",1323919159311
activated,workbench,org.eclipse.ui.workbench,3.7.0.I20110519-0100,"",1323919163167
deactivated,workbench,org.eclipse.ui.workbench,3.7.0.I20110519-0100,"",1323919169018
activated,workbench,org.eclipse.ui.workbench,3.7.0.I20110519-0100,"",1323919175558
activated,editor,org.eclipse.jdt.ui,3.7.1.r371_v20110824-0800,"org.eclipse.jdt.ui.CompilationUnitEditor",1323919182288
executed,command,org.eclipse.ui,3.7.0.I20110602-0100,"org.eclipse.ui.file.save",1323919187589
deactivated,workbench,org.eclipse.ui.workbench,3.7.0.I20110519-0100,"",1323919190632
activated,workbench,org.eclipse.ui.workbench,3.7.0.I20110519-0100,"",1323919192262
executed,command,org.eclipse.jdt.ui,3.7.1.r371_v20110824-0800,"org.eclipse.jdt.ui.edit.text.java.organize.imports",1323919192277
deactivated,workbench,org.eclipse.ui.workbench,3.7.0.I20110519-0100,"",1323919193496
activated,workbench,org.eclipse.ui.workbench,3.7.0.I20110519-0100,"",1323919196279
executed,command,org.eclipse.jdt.ui,3.7.1.r371_v20110824-0800,"org.eclipse.jdt.ui.edit.text.java.organize.imports",1323919196308
deactivated,workbench,org.eclipse.ui.workbench,3.7.0.I20110519-0100,"",1323919223918
activated,workbench,org.eclipse.ui.workbench,3.7.0.I20110519-0100,"",1323919235039
activated,view,org.eclipse.jdt.ui,3.7.1.r371_v20110824-0800,"org.eclipse.jdt.ui.PackageExplorer",1323919239759
activated,editor,org.eclipse.jdt.ui,3.7.1.r371_v20110824-0800,"org.eclipse.jdt.ui.CompilationUnitEditor",1323919243070
deactivated,workbench,org.eclipse.ui.workbench,3.7.0.I20110519-0100,"",1323919257919
activated,workbench,org.eclipse.ui.workbench,3.7.0.I20110519-0100,"",1323919281756
executed,command,org.eclipse.ui,3.7.0.I20110602-0100,"org.eclipse.ui.edit.paste",1323919286238
executed,command,org.eclipse.ui,3.7.0.I20110602-0100,"org.eclipse.ui.file.save",1323919296830
deactivated,workbench,org.eclipse.ui.workbench,3.7.0.I20110519-0100,"",1323919309784
activated,workbench,org.eclipse.ui.workbench,3.7.0.I20110519-0100,"",1323919309847
deactivated,workbench,org.eclipse.ui.workbench,3.7.0.I20110519-0100,"",1323919314124
activated,workbench,org.eclipse.ui.workbench,3.7.0.I20110519-0100,"",1323919314221
executed,command,org.eclipse.ui,3.7.0.I20110602-0100,"org.eclipse.ui.edit.paste",1323919318474
deactivated,workbench,org.eclipse.ui.workbench,3.7.0.I20110519-0100,"",1323919332127
activated,workbench,org.eclipse.ui.workbench,3.7.0.I20110519-0100,"",1323919337507
executed,command,org.eclipse.ui,3.7.0.I20110602-0100,"org.eclipse.ui.file.save",1323919347991
executed,command,org.eclipse.ui,3.7.0.I20110602-0100,"org.eclipse.ui.file.save",1323919362545
executed,command,,,"AUTOGEN:::org.eclipse.jdt.internal.ui.CompilationUnitEditor.ruler.actions/org.eclipse.jdt.internal.ui.javaeditor.JavaSelectRulerAction",1323919368853
executed,command,org.eclipse.ui,3.7.0.I20110602-0100,"org.eclipse.ui.file.save",1323919400756
deactivated,workbench,org.eclipse.ui.workbench,3.7.0.I20110519-0100,"",1323919426941
activated,workbench,org.eclipse.ui.workbench,3.7.0.I20110519-0100,"",1323919440068
executed,command,org.eclipse.ui,3.7.0.I20110602-0100,"org.eclipse.ui.edit.paste",1323919441898
executed,command,org.eclipse.ui,3.7.0.I20110602-0100,"org.eclipse.ui.file.save",1323919443917
executed,command,org.eclipse.ui,3.7.0.I20110602-0100,"org.eclipse.ui.file.save",1323919483247
executed,command,org.eclipse.ui,3.7.0.I20110602-0100,"org.eclipse.ui.edit.copy",1323919530930
executed,command,org.eclipse.ui.workbench.texteditor,3.7.0.v20110505-0800,"org.eclipse.ui.edit.text.select.lineStart",1323919533682
executed,command,org.eclipse.ui,3.7.0.I20110602-0100,"org.eclipse.ui.edit.paste",1323919538008
executed,command,org.eclipse.ui,3.7.0.I20110602-0100,"org.eclipse.ui.edit.paste",1323919552460
executed,command,org.eclipse.ui,3.7.0.I20110602-0100,"org.eclipse.ui.edit.paste",1323919562110
executed,command,org.eclipse.ui,3.7.0.I20110602-0100,"org.eclipse.ui.file.save",1323919574482
activated,editor,org.eclipse.jdt.ui,3.7.1.r371_v20110824-0800,"org.eclipse.jdt.ui.CompilationUnitEditor",1323919577116
executed,command,org.eclipse.ui,3.7.0.I20110602-0100,"org.eclipse.ui.file.save",1323919579067
executed,command,org.eclipse.ui,3.7.0.I20110602-0100,"org.eclipse.ui.file.save",1323919606504
deactivated,workbench,org.eclipse.ui.workbench,3.7.0.I20110519-0100,"",1323919621727
activated,workbench,org.eclipse.ui.workbench,3.7.0.I20110519-0100,"",1323919665959
executed,command,org.eclipse.ui,3.7.0.I20110602-0100,"org.eclipse.ui.edit.text.contentAssist.proposals",1323919673894
executed,command,org.eclipse.ui,3.7.0.I20110602-0100,"org.eclipse.ui.file.save",1323919716329
executed,command,,,"AUTOGEN:::org.eclipse.jdt.internal.ui.CompilationUnitEditor.ruler.actions/org.eclipse.jdt.internal.ui.javaeditor.JavaSelectRulerAction",1323919718219
deactivated,workbench,org.eclipse.ui.workbench,3.7.0.I20110519-0100,"",1323919719186
activated,workbench,org.eclipse.ui.workbench,3.7.0.I20110519-0100,"",1323919719336
executed,command,org.eclipse.ui,3.7.0.I20110602-0100,"org.eclipse.ui.file.save",1323919724110
executed,command,org.eclipse.ui,3.7.0.I20110602-0100,"org.eclipse.ui.file.save",1323919730538
deactivated,workbench,org.eclipse.ui.workbench,3.7.0.I20110519-0100,"",1323919738105
activated,workbench,org.eclipse.ui.workbench,3.7.0.I20110519-0100,"",1323919751755
executed,command,org.eclipse.ui,3.7.0.I20110602-0100,"org.eclipse.ui.edit.undo",1323919753136
executed,command,org.eclipse.ui,3.7.0.I20110602-0100,"org.eclipse.ui.edit.undo",1323919753659
executed,command,org.eclipse.ui,3.7.0.I20110602-0100,"org.eclipse.ui.file.save",1323919758069
activated,editor,org.eclipse.jdt.ui,3.7.1.r371_v20110824-0800,"org.eclipse.jdt.ui.CompilationUnitEditor",1323919760354
activated,editor,org.eclipse.jdt.ui,3.7.1.r371_v20110824-0800,"org.eclipse.jdt.ui.CompilationUnitEditor",1323919766808
executed,command,org.eclipse.ui,3.7.0.I20110602-0100,"org.eclipse.ui.file.save",1323919774690
executed,command,,,"AUTOGEN:::org.eclipse.jdt.internal.ui.CompilationUnitEditor.ruler.actions/org.eclipse.jdt.internal.ui.javaeditor.JavaSelectRulerAction",1323919777733
executed,command,,,"AUTOGEN:::org.eclipse.jdt.internal.ui.CompilationUnitEditor.ruler.actions/org.eclipse.jdt.internal.ui.javaeditor.JavaSelectRulerAction",1323919784454
deactivated,workbench,org.eclipse.ui.workbench,3.7.0.I20110519-0100,"",1323919786230
activated,workbench,org.eclipse.ui.workbench,3.7.0.I20110519-0100,"",1323919786377
executed,command,org.eclipse.ui,3.7.0.I20110602-0100,"org.eclipse.ui.file.save",1323919787950
deactivated,workbench,org.eclipse.ui.workbench,3.7.0.I20110519-0100,"",1323919819891
activated,workbench,org.eclipse.ui.workbench,3.7.0.I20110519-0100,"",1323919820011
executed,command,org.eclipse.ui,3.7.0.I20110602-0100,"org.eclipse.ui.file.save",1323919821562
deactivated,workbench,org.eclipse.ui.workbench,3.7.0.I20110519-0100,"",1323919824129
activated,workbench,org.eclipse.ui.workbench,3.7.0.I20110519-0100,"",1323919852815
activated,view,org.eclipse.jdt.ui,3.7.1.r371_v20110824-0800,"org.eclipse.jdt.ui.PackageExplorer",1323919855199
opened,editor,org.eclipse.jdt.ui,3.7.1.r371_v20110824-0800,"org.eclipse.jdt.ui.CompilationUnitEditor",1323919862017
activated,editor,org.eclipse.jdt.ui,3.7.1.r371_v20110824-0800,"org.eclipse.jdt.ui.CompilationUnitEditor",1323919862094
deactivated,workbench,org.eclipse.ui.workbench,3.7.0.I20110519-0100,"",1323919877296
activated,workbench,org.eclipse.ui.workbench,3.7.0.I20110519-0100,"",1323919883019
activated,editor,org.eclipse.jdt.ui,3.7.1.r371_v20110824-0800,"org.eclipse.jdt.ui.CompilationUnitEditor",1323919895588
closed,editor,org.eclipse.jdt.ui,3.7.1.r371_v20110824-0800,"org.eclipse.jdt.ui.CompilationUnitEditor",1323919895588
deactivated,workbench,org.eclipse.ui.workbench,3.7.0.I20110519-0100,"",1323919903930
activated,workbench,org.eclipse.ui.workbench,3.7.0.I20110519-0100,"",1323919951836
executed,command,org.eclipse.ui.workbench.texteditor,3.7.0.v20110505-0800,"org.eclipse.ui.edit.text.goto.lineEnd",1323919954368
deactivated,workbench,org.eclipse.ui.workbench,3.7.0.I20110519-0100,"",1323919970693
activated,workbench,org.eclipse.ui.workbench,3.7.0.I20110519-0100,"",1323919975113
activated,view,org.eclipse.jdt.ui,3.7.1.r371_v20110824-0800,"org.eclipse.jdt.ui.PackageExplorer",1323920047416
activated,editor,org.eclipse.jdt.ui,3.7.1.r371_v20110824-0800,"org.eclipse.jdt.ui.CompilationUnitEditor",1323920050839
executed,command,org.eclipse.ui,3.7.0.I20110602-0100,"org.eclipse.ui.file.save",1323920098978
activated,view,org.eclipse.jdt.ui,3.7.1.r371_v20110824-0800,"org.eclipse.jdt.ui.PackageExplorer",1323920105089
activated,editor,org.eclipse.jdt.ui,3.7.1.r371_v20110824-0800,"org.eclipse.jdt.ui.CompilationUnitEditor",1323920105224
activated,editor,org.eclipse.jdt.ui,3.7.1.r371_v20110824-0800,"org.eclipse.jdt.ui.CompilationUnitEditor",1323920122174
closed,editor,org.eclipse.jdt.ui,3.7.1.r371_v20110824-0800,"org.eclipse.jdt.ui.CompilationUnitEditor",1323920122174
deactivated,workbench,org.eclipse.ui.workbench,3.7.0.I20110519-0100,"",1323920145884
activated,workbench,org.eclipse.ui.workbench,3.7.0.I20110519-0100,"",1323920150471
activated,view,org.eclipse.jdt.ui,3.7.1.r371_v20110824-0800,"org.eclipse.jdt.ui.PackageExplorer",1323920168068
deactivated,workbench,org.eclipse.ui.workbench,3.7.0.I20110519-0100,"",1323920172986
activated,workbench,org.eclipse.ui.workbench,3.7.0.I20110519-0100,"",1323920176372
opened,editor,org.eclipse.jdt.ui,3.7.1.r371_v20110824-0800,"org.eclipse.jdt.ui.CompilationUnitEditor",1323920176836
activated,editor,org.eclipse.jdt.ui,3.7.1.r371_v20110824-0800,"org.eclipse.jdt.ui.CompilationUnitEditor",1323920176924
activated,view,org.eclipse.jdt.ui,3.7.1.r371_v20110824-0800,"org.eclipse.jdt.ui.PackageExplorer",1323920177848
opened,editor,org.eclipse.jdt.ui,3.7.1.r371_v20110824-0800,"org.eclipse.jdt.ui.CompilationUnitEditor",1323920187591
activated,editor,org.eclipse.jdt.ui,3.7.1.r371_v20110824-0800,"org.eclipse.jdt.ui.CompilationUnitEditor",1323920187666
executed,command,org.eclipse.ui,3.7.0.I20110602-0100,"org.eclipse.ui.edit.copy",1323920192691
activated,view,org.eclipse.jdt.ui,3.7.1.r371_v20110824-0800,"org.eclipse.jdt.ui.PackageExplorer",1323920193814
activated,editor,org.eclipse.jdt.ui,3.7.1.r371_v20110824-0800,"org.eclipse.jdt.ui.CompilationUnitEditor",1323920195897
executed,command,org.eclipse.ui,3.7.0.I20110602-0100,"org.eclipse.ui.edit.paste",1323920199359
executed,command,org.eclipse.ui,3.7.0.I20110602-0100,"org.eclipse.ui.file.save",1323920213551
executed,command,org.eclipse.ui,3.7.0.I20110602-0100,"org.eclipse.ui.file.save",1323920229148
activated,view,org.eclipse.jdt.ui,3.7.1.r371_v20110824-0800,"org.eclipse.jdt.ui.PackageExplorer",1323920235569
executed,command,org.eclipse.jdt.debug.ui,3.6.1.v20110803_r371,"org.eclipse.jdt.debug.ui.localJavaShortcut.run",1323920239011
activated,editor,org.eclipse.jdt.ui,3.7.1.r371_v20110824-0800,"org.eclipse.jdt.ui.CompilationUnitEditor",1323920263902
deactivated,workbench,org.eclipse.ui.workbench,3.7.0.I20110519-0100,"",1323920270562
deactivated,workbench,org.eclipse.ui.workbench,3.7.0.I20110519-0100,"",1323920274483
activated,workbench,org.eclipse.ui.workbench,3.7.0.I20110519-0100,"",1323920314566
executed,command,org.eclipse.ui,3.7.0.I20110602-0100,"org.eclipse.ui.file.save",1323920332649
executed,command,org.eclipse.ui,3.7.0.I20110602-0100,"org.eclipse.ui.file.save",1323920349538
deactivated,workbench,org.eclipse.ui.workbench,3.7.0.I20110519-0100,"",1323920353227
activated,workbench,org.eclipse.ui.workbench,3.7.0.I20110519-0100,"",1323920425903
activated,view,org.eclipse.jdt.ui,3.7.1.r371_v20110824-0800,"org.eclipse.jdt.ui.PackageExplorer",1323920427747
executed,command,org.eclipse.jdt.debug.ui,3.6.1.v20110803_r371,"org.eclipse.jdt.debug.ui.localJavaShortcut.run",1323920429988
deactivated,workbench,org.eclipse.ui.workbench,3.7.0.I20110519-0100,"",1323920437139
activated,workbench,org.eclipse.ui.workbench,3.7.0.I20110519-0100,"",1323920462659
activated,editor,org.eclipse.jdt.ui,3.7.1.r371_v20110824-0800,"org.eclipse.jdt.ui.CompilationUnitEditor",1323920464190
executed,command,org.eclipse.ui,3.7.0.I20110602-0100,"org.eclipse.ui.edit.paste",1323920465701
executed,command,org.eclipse.ui,3.7.0.I20110602-0100,"org.eclipse.ui.edit.undo",1323920468827
executed,command,org.eclipse.ui,3.7.0.I20110602-0100,"org.eclipse.ui.edit.paste",1323920472662
executed,command,org.eclipse.ui,3.7.0.I20110602-0100,"org.eclipse.ui.file.save",1323920481903
activated,view,org.eclipse.jdt.ui,3.7.1.r371_v20110824-0800,"org.eclipse.jdt.ui.PackageExplorer",1323920486053
executed,command,org.eclipse.jdt.debug.ui,3.6.1.v20110803_r371,"org.eclipse.jdt.debug.ui.localJavaShortcut.run",1323920488598
deactivated,workbench,org.eclipse.ui.workbench,3.7.0.I20110519-0100,"",1323920494166
activated,workbench,org.eclipse.ui.workbench,3.7.0.I20110519-0100,"",1323920513833
deactivated,workbench,org.eclipse.ui.workbench,3.7.0.I20110519-0100,"",1323920528385
activated,workbench,org.eclipse.ui.workbench,3.7.0.I20110519-0100,"",1323920538999
activated,editor,org.eclipse.jdt.ui,3.7.1.r371_v20110824-0800,"org.eclipse.jdt.ui.CompilationUnitEditor",1323920542544
activated,view,org.eclipse.jdt.ui,3.7.1.r371_v20110824-0800,"org.eclipse.jdt.ui.PackageExplorer",1323920558199
activated,editor,org.eclipse.jdt.ui,3.7.1.r371_v20110824-0800,"org.eclipse.jdt.ui.CompilationUnitEditor",1323920559683
activated,view,org.eclipse.jdt.ui,3.7.1.r371_v20110824-0800,"org.eclipse.jdt.ui.PackageExplorer",1323920562677
activated,editor,org.eclipse.jdt.ui,3.7.1.r371_v20110824-0800,"org.eclipse.jdt.ui.CompilationUnitEditor",1323920567399
activated,view,org.eclipse.jdt.ui,3.7.1.r371_v20110824-0800,"org.eclipse.jdt.ui.PackageExplorer",1323920575346
activated,editor,org.eclipse.jdt.ui,3.7.1.r371_v20110824-0800,"org.eclipse.jdt.ui.CompilationUnitEditor",1323920575618
executed,command,org.eclipse.ui,3.7.0.I20110602-0100,"org.eclipse.ui.edit.undo",1323920578525
executed,command,org.eclipse.ui,3.7.0.I20110602-0100,"org.eclipse.ui.edit.undo",1323920579100
executed,command,org.eclipse.ui,3.7.0.I20110602-0100,"org.eclipse.ui.edit.undo",1323920579433
executed,command,org.eclipse.ui,3.7.0.I20110602-0100,"org.eclipse.ui.edit.undo",1323920579746
executed,command,org.eclipse.ui,3.7.0.I20110602-0100,"org.eclipse.ui.edit.undo",1323920580022
executed,command,org.eclipse.ui,3.7.0.I20110602-0100,"org.eclipse.ui.edit.redo",1323920581908
executed,command,org.eclipse.ui,3.7.0.I20110602-0100,"org.eclipse.ui.edit.redo",1323920582253
executed,command,org.eclipse.ui,3.7.0.I20110602-0100,"org.eclipse.ui.edit.redo",1323920582608
executed,command,org.eclipse.ui,3.7.0.I20110602-0100,"org.eclipse.ui.edit.redo",1323920582953
executed,command,org.eclipse.ui,3.7.0.I20110602-0100,"org.eclipse.ui.edit.redo",1323920583660
executed,command,org.eclipse.ui,3.7.0.I20110602-0100,"org.eclipse.ui.edit.copy",1323920590804
activated,view,org.eclipse.jdt.ui,3.7.1.r371_v20110824-0800,"org.eclipse.jdt.ui.PackageExplorer",1323920591861
